User 1,User 2,Similarity
U1,U2,1.0
U1,U4,0.6000000000000001
U2,U4,0.6000000000000001
U1,U5,0.6
U2,U5,0.6
U3,U5,0.6
U4,U5,0.47500000000000003
U3,U4,0.35
U1,U3,0.2
U2,U3,0.2
